instance_id,db,n_gold,n_pred,n_tables_db,hit,recall,precision,strict,anchor_hit,n_bridge,bridge_recovered,max_gold_rank,ms,missed
q_0,wta_1,2,3,3,2,1.000,0.667,1,1,0,0,2,7.7,
q_1,wta_1,2,3,3,2,1.000,0.667,1,1,0,0,2,5.9,
q_2,student_transcripts_tracking,3,6,11,3,1.000,0.500,1,1,0,0,3,6.9,
q_3,student_transcripts_tracking,3,6,11,3,1.000,0.500,1,1,0,0,3,5.5,
q_4,student_transcripts_tracking,3,6,11,3,1.000,0.500,1,0,1,1,4,4.7,
q_5,student_transcripts_tracking,3,6,11,2,0.667,0.333,0,0,1,0,10,5.2,addresses
q_6,student_transcripts_tracking,2,6,11,2,1.000,0.333,1,0,1,1,6,5.1,
q_7,student_transcripts_tracking,2,6,11,2,1.000,0.333,1,0,1,1,6,5.2,
q_8,tvshow,2,3,3,2,1.000,0.667,1,1,0,0,2,7.1,
q_9,tvshow,2,3,3,2,1.000,0.667,1,1,0,0,2,6.5,
q_10,world_1,2,3,4,2,1.000,0.667,1,1,0,0,3,7.4,
q_11,world_1,2,0,4,0,0.000,0.000,0,0,2,0,,0.4,country;countrylanguage
q_12,world_1,2,4,4,2,1.000,0.500,1,0,1,1,4,6.7,
q_13,world_1,2,4,4,2,1.000,0.500,1,0,1,1,4,6.7,
q_14,world_1,2,4,4,2,1.000,0.500,1,1,0,0,2,6.3,
q_15,world_1,2,4,4,2,1.000,0.500,1,1,0,0,2,6.4,
q_16,world_1,2,3,4,2,1.000,0.667,1,1,0,0,3,6.7,
q_17,world_1,2,3,4,2,1.000,0.667,1,1,0,0,3,6.6,
q_18,world_1,3,3,4,3,1.000,1.000,1,1,0,0,3,6.3,
q_19,world_1,3,4,4,3,1.000,0.750,1,1,0,0,3,5.7,
q_20,dog_kennels,2,6,8,2,1.000,0.333,1,1,0,0,2,6.4,
q_21,dog_kennels,2,6,8,2,1.000,0.333,1,1,0,0,2,5.1,
q_22,e_commerce,3,6,8,3,1.000,0.500,1,1,0,0,3,6.1,
q_23,e_commerce,3,6,8,3,1.000,0.500,1,0,1,1,6,4.8,
q_24,e_commerce,2,6,8,2,1.000,0.333,1,1,0,0,2,4.8,
q_25,e_commerce,2,6,8,2,1.000,0.333,1,1,0,0,2,4.9,
q_26,e_commerce,3,6,8,3,1.000,0.500,1,0,1,1,4,4.8,
q_27,e_commerce,4,6,8,4,1.000,0.667,1,0,2,2,5,4.9,
q_28,e_commerce,4,6,8,4,1.000,0.667,1,0,2,2,5,5.2,
q_29,cre_Students_Information_Systems,3,6,15,3,1.000,0.500,1,1,0,0,3,5.5,
q_30,cre_Students_Information_Systems,3,6,15,3,1.000,0.500,1,1,0,0,3,4.2,
q_31,cre_Students_Information_Systems,2,6,15,2,1.000,0.333,1,1,0,0,2,4.2,
q_32,cre_Students_Information_Systems,2,6,15,2,1.000,0.333,1,1,0,0,2,4.2,
q_33,cre_Students_Information_Systems,3,6,15,3,1.000,0.500,1,1,0,0,3,4.1,
q_34,cre_Students_Information_Systems,3,6,15,3,1.000,0.500,1,1,0,0,3,3.9,
q_35,cre_Students_Information_Systems,2,6,15,2,1.000,0.333,1,1,0,0,2,4.1,
q_36,cre_Students_Information_Systems,2,6,15,2,1.000,0.333,1,1,0,0,2,4.4,
q_37,cre_Students_Information_Systems,2,6,15,2,1.000,0.333,1,1,0,0,2,3.5,
q_38,cre_Students_Information_Systems,2,6,15,2,1.000,0.333,1,1,0,0,2,3.7,
q_39,cre_Students_Information_Systems,3,6,15,3,1.000,0.500,1,1,0,0,3,4.3,
q_40,cre_Students_Information_Systems,3,6,15,2,0.667,0.333,0,0,1,0,7,4.0,students
q_41,real_estate_rentals,4,6,13,3,0.750,0.500,0,0,2,1,9,6.6,features
q_42,real_estate_rentals,4,6,13,3,0.750,0.500,0,0,2,1,9,5.4,features
q_43,real_estate_rentals,3,6,13,3,1.000,0.500,1,0,1,1,4,5.0,
q_44,real_estate_rentals,3,6,13,3,1.000,0.500,1,0,1,1,4,5.0,
q_45,cre_Doc_Workflow,3,6,9,3,1.000,0.500,1,1,0,0,3,4.6,
q_46,advertising_agencies,3,6,7,3,1.000,0.500,1,1,0,0,3,6.4,
q_47,advertising_agencies,3,6,7,3,1.000,0.500,1,1,0,0,3,7.2,
q_48,advertising_agencies,4,6,7,4,1.000,0.667,1,0,1,1,4,7.8,
q_49,advertising_agencies,4,6,7,4,1.000,0.667,1,0,1,1,4,8.3,
q_50,product_catalog,2,5,5,2,1.000,0.400,1,1,0,0,2,10.0,
q_51,product_catalog,2,5,5,2,1.000,0.400,1,1,0,0,2,8.3,
q_52,store_1,3,6,12,3,1.000,0.500,1,1,0,0,3,10.9,
q_53,store_1,3,6,12,3,1.000,0.500,1,1,0,0,3,6.9,
q_54,store_1,3,6,12,3,1.000,0.500,1,1,0,0,3,4.9,
q_55,store_1,3,6,12,3,1.000,0.500,1,1,0,0,3,4.9,
q_56,chinook_1,3,6,11,3,1.000,0.500,1,1,0,0,3,6.4,
q_57,chinook_1,3,6,11,3,1.000,0.500,1,1,0,0,3,5.0,
q_58,apartment_rentals,2,6,6,2,1.000,0.333,1,1,0,0,3,5.0,
q_59,apartment_rentals,2,6,6,2,1.000,0.333,1,1,0,0,3,4.1,
q_60,apartment_rentals,2,6,6,2,1.000,0.333,1,1,0,0,2,4.1,
q_61,apartment_rentals,2,6,6,2,1.000,0.333,1,1,0,0,2,4.1,
q_62,products_for_hire,2,6,7,2,1.000,0.333,1,1,0,0,2,6.2,
q_63,cre_Doc_Control_Systems,2,6,11,2,1.000,0.333,1,1,0,0,2,5.3,
q_64,cre_Doc_Control_Systems,2,6,11,2,1.000,0.333,1,1,0,0,2,4.5,
q_65,cre_Doc_Control_Systems,2,6,11,2,1.000,0.333,1,1,0,0,2,4.3,
q_66,cre_Doc_Control_Systems,2,6,11,2,1.000,0.333,1,0,1,1,4,4.5,
q_67,formula_1,3,6,13,3,1.000,0.500,1,0,1,1,6,7.0,
q_68,formula_1,3,6,13,3,1.000,0.500,1,0,1,1,6,5.0,
q_69,formula_1,3,6,13,3,1.000,0.500,1,0,1,1,4,5.1,
q_70,formula_1,3,6,13,2,0.667,0.333,0,0,1,0,7,5.0,results
q_71,formula_1,3,6,13,3,1.000,0.500,1,0,1,1,6,4.5,
q_72,formula_1,3,6,13,3,1.000,0.500,1,0,1,1,6,4.6,
q_73,formula_1,3,6,13,3,1.000,0.500,1,0,1,1,6,4.6,
q_74,formula_1,3,6,13,3,1.000,0.500,1,0,1,1,6,4.2,
q_75,customer_deliveries,3,6,13,3,1.000,0.500,1,1,0,0,3,5.5,
q_76,assets_maintenance,3,6,14,3,1.000,0.500,1,0,1,1,4,5.6,
q_77,assets_maintenance,3,6,14,3,1.000,0.500,1,1,0,0,3,4.4,
q_78,assets_maintenance,2,6,14,2,1.000,0.333,1,1,0,0,2,4.1,
q_79,college_1,4,6,7,4,1.000,0.667,1,0,2,2,6,5.8,
q_80,college_1,4,6,7,4,1.000,0.667,1,0,2,2,5,4.6,
q_81,college_1,5,6,7,5,1.000,0.833,1,0,2,2,6,4.6,
q_82,college_1,5,6,7,4,0.800,0.667,0,0,2,1,7,4.9,course
q_83,college_1,5,6,7,5,1.000,0.833,1,0,2,2,6,4.5,
q_84,college_1,5,6,7,5,1.000,0.833,1,0,2,2,6,4.7,
q_85,college_1,4,6,7,4,1.000,0.667,1,0,2,2,6,4.8,
q_86,college_1,4,6,7,4,1.000,0.667,1,0,2,2,6,4.6,
q_87,hr_1,4,6,7,4,1.000,0.667,1,0,2,2,5,5.1,
q_88,hr_1,4,6,7,4,1.000,0.667,1,0,2,2,6,3.8,
q_89,insurance_policies,2,5,5,2,1.000,0.400,1,1,0,0,2,3.9,
q_90,insurance_policies,2,5,5,2,1.000,0.400,1,1,0,0,2,3.0,
q_91,insurance_policies,3,5,5,3,1.000,0.600,1,1,0,0,3,3.3,
q_92,insurance_policies,3,5,5,3,1.000,0.600,1,1,0,0,3,3.1,
q_93,hospital_1,3,6,15,3,1.000,0.500,1,1,0,0,3,5.9,
q_94,hospital_1,3,6,15,3,1.000,0.500,1,1,0,0,3,4.8,
q_95,tracking_grants_for_research,2,6,12,2,1.000,0.333,1,1,0,0,2,4.8,
q_96,tracking_grants_for_research,2,6,12,2,1.000,0.333,1,1,0,0,3,4.0,
q_97,tracking_grants_for_research,4,6,12,4,1.000,0.667,1,0,1,1,5,4.0,
q_98,tracking_grants_for_research,4,6,12,2,0.500,0.333,0,0,2,0,10,3.8,organisation_types;organisations
q_99,tracking_grants_for_research,3,6,12,3,1.000,0.500,1,1,0,0,3,3.9,
q_100,tracking_grants_for_research,3,6,12,3,1.000,0.500,1,0,1,1,4,3.9,
q_101,tracking_grants_for_research,3,6,12,3,1.000,0.500,1,1,0,0,3,4.0,
q_102,tracking_grants_for_research,3,6,12,3,1.000,0.500,1,0,1,1,4,3.9,
q_103,document_management,3,6,9,3,1.000,0.500,1,1,0,0,3,5.0,
q_104,document_management,3,6,9,3,1.000,0.500,1,1,0,0,3,4.2,
q_105,customers_campaigns_ecommerce,2,6,8,2,1.000,0.333,1,1,0,0,2,4.6,
q_106,department_store,2,6,14,2,1.000,0.333,1,1,0,0,2,5.1,
q_107,department_store,2,6,14,2,1.000,0.333,1,1,0,0,2,3.9,
q_108,department_store,2,6,14,2,1.000,0.333,1,1,0,0,3,4.9,
q_109,department_store,2,6,14,2,1.000,0.333,1,1,0,0,2,4.1,
q_110,department_store,4,6,14,2,0.500,0.333,0,0,2,0,11,4.0,order_items;products
q_111,department_store,4,6,14,2,0.500,0.333,0,0,3,1,12,4.0,order_items;products
q_112,department_store,2,6,14,2,1.000,0.333,1,1,0,0,2,3.7,
q_113,department_store,2,6,14,2,1.000,0.333,1,1,0,0,2,4.0,
q_114,aircraft,3,5,5,3,1.000,0.600,1,1,0,0,3,5.9,
q_115,aircraft,3,5,5,3,1.000,0.600,1,1,0,0,3,5.1,
q_116,cre_Drama_Workshop_Groups,2,6,18,2,1.000,0.333,1,1,0,0,2,6.7,
q_117,cre_Drama_Workshop_Groups,2,6,18,2,1.000,0.333,1,1,0,0,2,4.6,
q_118,tracking_software_problems,2,6,6,2,1.000,0.333,1,1,0,0,2,5.1,
q_119,tracking_software_problems,2,6,6,2,1.000,0.333,1,1,0,0,2,3.8,
q_120,tracking_software_problems,2,6,6,2,1.000,0.333,1,0,1,1,6,3.9,
q_121,tracking_software_problems,2,6,6,2,1.000,0.333,1,0,1,1,6,3.8,
q_122,tracking_software_problems,2,6,6,2,1.000,0.333,1,0,1,1,5,3.6,
q_123,tracking_software_problems,2,6,6,2,1.000,0.333,1,1,0,0,3,3.9,
q_124,tracking_software_problems,2,6,6,2,1.000,0.333,1,0,1,1,5,3.6,
q_125,tracking_software_problems,2,6,6,2,1.000,0.333,1,1,0,0,3,3.8,
q_126,tracking_software_problems,3,6,6,3,1.000,0.500,1,1,0,0,3,4.0,
q_127,tracking_software_problems,3,6,6,3,1.000,0.500,1,1,0,0,3,4.0,
q_128,tracking_software_problems,3,6,6,3,1.000,0.500,1,0,1,1,6,3.9,
q_129,tracking_software_problems,3,6,6,3,1.000,0.500,1,1,0,0,3,4.1,
q_130,customers_and_products_contacts,2,6,7,2,1.000,0.333,1,1,0,0,2,5.9,
q_131,customers_and_products_contacts,3,6,7,3,1.000,0.500,1,0,1,1,6,4.7,
q_132,cre_Theme_park,3,6,16,2,0.667,0.333,0,0,1,0,7,6.5,visitors
q_133,cre_Theme_park,3,6,16,2,0.667,0.333,0,0,1,0,7,5.0,visitors
q_134,cre_Theme_park,3,6,16,3,1.000,0.500,1,1,0,0,3,4.9,
q_135,cre_Theme_park,3,6,16,3,1.000,0.500,1,1,0,0,3,4.8,
q_136,cre_Theme_park,3,6,16,2,0.667,0.333,0,0,1,0,7,4.6,visitors
q_137,cre_Theme_park,3,6,16,2,0.667,0.333,0,0,1,0,7,5.0,visitors
q_138,cre_Theme_park,3,6,16,2,0.667,0.333,0,0,1,0,8,4.8,visitors
q_139,cre_Theme_park,3,6,16,2,0.667,0.333,0,0,1,0,7,5.1,visitors
q_140,customers_and_addresses,4,6,7,4,1.000,0.667,1,0,1,1,4,5.5,
q_141,customers_and_addresses,4,6,7,4,1.000,0.667,1,0,1,1,4,4.4,
q_142,customers_and_addresses,4,6,7,4,1.000,0.667,1,0,1,1,4,4.4,
q_143,customers_and_addresses,4,6,7,4,1.000,0.667,1,0,1,1,4,4.5,
q_144,e_government,3,6,10,3,1.000,0.500,1,1,0,0,3,5.3,
q_145,e_government,3,6,10,3,1.000,0.500,1,1,0,0,3,4.3,
q_146,e_government,3,6,10,3,1.000,0.500,1,0,1,1,4,4.4,
q_147,e_government,3,6,10,3,1.000,0.500,1,1,0,0,3,4.4,
q_148,tracking_orders,2,6,7,2,1.000,0.333,1,1,0,0,2,4.6,
q_149,tracking_orders,2,6,7,2,1.000,0.333,1,1,0,0,2,3.5,
q_150,tracking_orders,2,6,7,2,1.000,0.333,1,1,0,0,2,3.6,
q_151,tracking_orders,2,6,7,2,1.000,0.333,1,1,0,0,2,3.6,
q_152,tracking_orders,4,6,7,4,1.000,0.667,1,0,1,1,4,3.7,
q_153,tracking_orders,4,6,7,4,1.000,0.667,1,0,1,1,4,3.7,
q_154,tracking_orders,4,6,7,4,1.000,0.667,1,0,1,1,4,3.8,
q_155,tracking_orders,4,6,7,4,1.000,0.667,1,0,1,1,4,4.0,
q_156,geo,2,6,7,2,1.000,0.333,1,1,0,0,2,5.5,
q_157,geo,3,6,7,3,1.000,0.500,1,1,0,0,3,6.3,
q_158,geo,3,6,7,2,0.667,0.333,0,0,1,0,7,4.9,river
q_159,geo,2,6,7,2,1.000,0.333,1,1,0,0,2,4.8,
q_160,geo,2,6,7,2,1.000,0.333,1,1,0,0,2,4.8,
q_161,geo,2,6,7,2,1.000,0.333,1,1,0,0,2,4.9,
q_162,geo,2,6,7,2,1.000,0.333,1,1,0,0,2,4.8,
q_163,geo,2,6,7,2,1.000,0.333,1,1,0,0,2,4.8,
q_164,geo,2,6,7,2,1.000,0.333,1,1,0,0,2,4.6,
q_165,geo,2,6,7,2,1.000,0.333,1,1,0,0,3,4.8,
q_166,geo,2,6,7,2,1.000,0.333,1,1,0,0,2,4.7,
q_167,geo,2,6,7,2,1.000,0.333,1,1,0,0,2,4.5,
q_168,geo,2,6,7,1,0.500,0.167,0,0,1,0,7,5.1,river
q_169,geo,2,6,7,1,0.500,0.167,0,0,1,0,7,4.8,river
q_170,geo,2,6,7,2,1.000,0.333,1,1,0,0,2,4.2,
q_171,geo,2,6,7,2,1.000,0.333,1,1,0,0,2,5.1,
q_172,geo,2,6,7,2,1.000,0.333,1,1,0,0,2,4.5,
q_173,geo,2,6,7,2,1.000,0.333,1,1,0,0,3,4.9,
q_174,geo,2,6,7,2,1.000,0.333,1,1,0,0,2,4.9,
q_175,geo,2,6,7,2,1.000,0.333,1,1,0,0,2,4.6,
q_176,geo,2,6,7,2,1.000,0.333,1,1,0,0,2,4.8,
q_177,geo,2,6,7,2,1.000,0.333,1,1,0,0,2,5.2,
q_178,geo,2,6,7,2,1.000,0.333,1,1,0,0,2,4.9,
q_179,geo,3,6,7,3,1.000,0.500,1,1,0,0,3,5.0,
q_180,scholar,2,6,10,2,1.000,0.333,1,0,2,2,6,4.1,
q_181,scholar,2,6,10,2,1.000,0.333,1,0,2,2,6,3.2,
q_182,scholar,2,6,10,2,1.000,0.333,1,1,0,0,3,3.5,
q_183,scholar,2,6,10,2,1.000,0.333,1,0,2,2,6,3.5,
q_184,scholar,2,6,10,2,1.000,0.333,1,0,1,1,6,3.5,
q_185,scholar,2,6,10,2,1.000,0.333,1,0,2,2,6,3.1,
q_186,scholar,2,6,10,2,1.000,0.333,1,0,2,2,6,3.1,
q_187,scholar,2,6,10,2,1.000,0.333,1,1,0,0,3,3.2,
q_188,scholar,2,6,10,2,1.000,0.333,1,1,0,0,3,3.2,
q_189,scholar,2,6,10,2,1.000,0.333,1,0,2,2,6,3.0,
q_190,scholar,2,6,10,2,1.000,0.333,1,1,0,0,3,3.2,
q_191,scholar,2,0,10,0,0.000,0.000,0,0,2,0,,0.3,author;writes
q_192,scholar,2,0,10,0,0.000,0.000,0,0,2,0,,0.3,author;writes
q_193,scholar,2,6,10,2,1.000,0.333,1,0,2,2,6,3.7,
q_194,scholar,2,6,10,2,1.000,0.333,1,1,0,0,3,3.1,
q_195,scholar,2,0,10,0,0.000,0.000,0,0,2,0,,0.2,author;writes
q_196,scholar,2,6,10,2,1.000,0.333,1,1,0,0,3,3.0,
q_197,scholar,2,6,10,2,1.000,0.333,1,0,2,2,6,3.0,
q_198,scholar,2,6,10,2,1.000,0.333,1,0,2,2,6,3.2,
q_199,scholar,2,6,10,2,1.000,0.333,1,0,2,2,6,3.3,
q_200,scholar,2,6,10,2,1.000,0.333,1,0,2,2,6,3.0,
q_201,scholar,4,6,10,3,0.750,0.500,0,0,3,2,7,3.0,keyphrase
q_202,scholar,4,6,10,3,0.750,0.500,0,0,3,2,7,3.7,keyphrase
q_203,scholar,4,0,10,0,0.000,0.000,0,0,4,0,,0.3,keyphrase;paper;paperkeyphrase;writes
q_204,scholar,4,6,10,3,0.750,0.500,0,0,3,2,7,2.9,keyphrase
q_205,scholar,4,0,10,0,0.000,0.000,0,0,4,0,,0.2,keyphrase;paper;paperkeyphrase;writes
q_206,scholar,4,6,10,3,0.750,0.500,0,0,3,2,7,3.0,keyphrase
q_207,scholar,4,6,10,2,0.500,0.333,0,0,3,1,8,3.0,keyphrase;paperkeyphrase
q_208,scholar,4,6,10,3,0.750,0.500,0,0,3,2,7,3.0,keyphrase
q_209,scholar,4,6,10,3,0.750,0.500,0,0,3,2,7,2.9,keyphrase
q_210,scholar,4,0,10,0,0.000,0.000,0,0,4,0,,0.2,keyphrase;paper;paperkeyphrase;writes
q_211,scholar,4,6,10,3,0.750,0.500,0,0,3,2,7,2.9,keyphrase
q_212,scholar,4,6,10,3,0.750,0.500,0,0,3,2,8,3.0,venue
q_213,scholar,4,6,10,3,0.750,0.500,0,0,3,2,8,2.9,venue
q_214,scholar,4,6,10,3,0.750,0.500,0,0,3,2,8,3.0,venue
q_215,scholar,4,6,10,3,0.750,0.500,0,0,3,2,8,2.9,venue
q_216,scholar,4,6,10,3,0.750,0.500,0,0,3,2,8,3.3,venue
q_217,scholar,4,6,10,3,0.750,0.500,0,0,3,2,8,3.0,venue
q_218,scholar,4,6,10,3,0.750,0.500,0,0,3,2,8,2.9,venue
q_219,scholar,4,6,10,3,0.750,0.500,0,0,3,2,8,3.0,venue
q_220,scholar,3,6,10,2,0.667,0.333,0,0,1,0,8,3.0,venue
q_221,scholar,3,6,10,2,0.667,0.333,0,0,1,0,8,3.2,venue
q_222,scholar,3,6,10,2,0.667,0.333,0,0,1,0,8,3.3,venue
q_223,scholar,3,6,10,2,0.667,0.333,0,0,1,0,8,3.1,venue
q_224,scholar,4,6,10,3,0.750,0.500,0,0,2,1,9,3.4,venue
q_225,scholar,4,6,10,3,0.750,0.500,0,0,2,1,9,3.3,venue
q_226,scholar,5,6,10,4,0.800,0.667,0,0,4,3,7,2.8,keyphrase
q_227,scholar,5,6,10,3,0.600,0.500,0,0,2,0,8,3.2,author;writes
q_228,scholar,5,6,10,4,0.800,0.667,0,0,4,3,7,3.1,keyphrase
q_229,scholar,5,0,10,0,0.000,0.000,0,0,5,0,,0.2,author;keyphrase;paper;paperkeyphrase;writes
q_230,scholar,5,0,10,0,0.000,0.000,0,0,5,0,,0.2,author;keyphrase;paper;paperkeyphrase;writes
q_231,scholar,5,6,10,3,0.600,0.500,0,0,2,0,8,3.3,author;writes
q_232,scholar,5,6,10,3,0.600,0.500,0,0,2,0,8,3.4,author;writes
q_233,scholar,5,0,10,0,0.000,0.000,0,0,5,0,,0.2,author;keyphrase;paper;paperkeyphrase;writes
q_234,scholar,5,6,10,4,0.800,0.667,0,0,2,1,8,3.9,keyphrase
q_235,scholar,5,0,10,0,0.000,0.000,0,0,5,0,,0.2,author;keyphrase;paper;paperkeyphrase;writes
q_236,scholar,5,6,10,4,0.800,0.667,0,0,4,3,7,3.2,keyphrase
q_237,scholar,5,6,10,3,0.600,0.500,0,0,2,0,8,3.4,author;writes
q_238,scholar,5,0,10,0,0.000,0.000,0,0,5,0,,0.2,author;keyphrase;paper;paperkeyphrase;writes
q_239,scholar,4,6,10,3,0.750,0.500,0,0,3,2,7,3.2,keyphrase
q_240,scholar,4,6,10,3,0.750,0.500,0,0,4,3,7,3.1,keyphrase
q_241,scholar,4,6,10,3,0.750,0.500,0,0,4,3,7,2.8,keyphrase
q_242,scholar,4,6,10,3,0.750,0.500,0,0,4,3,7,2.8,keyphrase
q_243,scholar,4,6,10,2,0.500,0.333,0,0,3,1,8,2.8,keyphrase;venue
q_244,scholar,4,6,10,2,0.500,0.333,0,0,3,1,8,3.0,keyphrase;venue
q_245,scholar,4,6,10,2,0.500,0.333,0,0,3,1,8,3.6,keyphrase;venue
q_246,scholar,4,6,10,2,0.500,0.333,0,0,3,1,8,2.9,keyphrase;venue
q_247,scholar,4,6,10,2,0.500,0.333,0,0,3,1,8,2.9,keyphrase;venue
q_248,scholar,4,6,10,2,0.500,0.333,0,0,3,1,8,2.9,keyphrase;venue
q_249,scholar,4,6,10,2,0.500,0.333,0,0,3,1,8,3.1,keyphrase;venue
q_250,scholar,4,6,10,2,0.500,0.333,0,0,3,1,8,3.1,keyphrase;venue
q_251,scholar,4,6,10,2,0.500,0.333,0,0,3,1,8,3.0,keyphrase;venue
q_252,scholar,4,6,10,2,0.500,0.333,0,0,3,1,8,3.0,keyphrase;venue
q_253,scholar,4,6,10,2,0.500,0.333,0,0,3,1,8,3.0,keyphrase;venue
q_254,scholar,4,6,10,2,0.500,0.333,0,0,3,1,8,3.2,keyphrase;venue
q_255,scholar,4,6,10,2,0.500,0.333,0,0,3,1,8,3.1,keyphrase;venue
q_256,scholar,4,6,10,2,0.500,0.333,0,0,2,0,9,3.7,author;writes
q_257,scholar,5,0,10,0,0.000,0.000,0,0,5,0,,0.3,author;keyphrase;paper;paperkeyphrase;writes
q_258,scholar,5,6,10,4,0.800,0.667,0,0,4,3,7,3.0,keyphrase
q_259,scholar,5,6,10,4,0.800,0.667,0,0,4,3,7,3.1,keyphrase
q_260,scholar,4,6,10,2,0.500,0.333,0,0,3,1,8,3.1,keyphrase;venue
q_261,scholar,4,6,10,2,0.500,0.333,0,0,3,1,8,3.2,keyphrase;venue
q_262,scholar,4,6,10,2,0.500,0.333,0,0,3,1,8,3.0,keyphrase;venue
q_263,scholar,5,6,10,4,0.800,0.667,0,0,4,3,7,3.1,keyphrase
q_264,scholar,5,0,10,0,0.000,0.000,0,0,5,0,,0.2,author;keyphrase;paper;paperkeyphrase;writes
q_265,scholar,5,6,10,4,0.800,0.667,0,0,4,3,7,3.3,keyphrase
q_266,scholar,5,6,10,4,0.800,0.667,0,0,4,3,7,3.1,keyphrase
q_267,scholar,5,6,10,4,0.800,0.667,0,0,4,3,7,3.1,keyphrase
q_268,scholar,5,6,10,4,0.800,0.667,0,0,4,3,7,3.1,keyphrase
q_269,scholar,5,6,10,4,0.800,0.667,0,0,4,3,7,3.2,keyphrase
q_270,scholar,5,6,10,4,0.800,0.667,0,0,4,3,7,3.5,keyphrase
q_271,scholar,5,6,10,4,0.800,0.667,0,0,4,3,7,3.5,keyphrase
q_272,scholar,5,6,10,4,0.800,0.667,0,0,4,3,7,3.6,keyphrase
q_273,scholar,5,6,10,4,0.800,0.667,0,0,4,3,7,3.3,keyphrase
q_274,scholar,5,6,10,4,0.800,0.667,0,0,4,3,7,3.8,keyphrase
q_275,scholar,5,6,10,4,0.800,0.667,0,0,4,3,7,3.4,keyphrase
q_276,scholar,5,6,10,4,0.800,0.667,0,0,4,3,7,3.3,keyphrase
q_277,scholar,5,0,10,0,0.000,0.000,0,0,5,0,,0.2,author;keyphrase;paper;paperkeyphrase;writes
q_278,scholar,4,6,10,2,0.500,0.333,0,0,3,1,8,3.2,keyphrase;venue
q_279,scholar,4,6,10,2,0.500,0.333,0,0,3,1,8,3.2,keyphrase;venue
q_280,scholar,4,6,10,2,0.500,0.333,0,0,3,1,8,3.1,keyphrase;venue
q_281,scholar,4,6,10,2,0.500,0.333,0,0,3,1,8,3.1,keyphrase;venue
q_282,scholar,4,6,10,2,0.500,0.333,0,0,3,1,8,3.3,keyphrase;venue
q_283,scholar,4,6,10,2,0.500,0.333,0,0,3,1,8,3.4,keyphrase;venue
q_284,scholar,4,6,10,2,0.500,0.333,0,0,3,1,8,3.3,keyphrase;venue
q_285,scholar,4,6,10,2,0.500,0.333,0,0,3,1,8,3.2,keyphrase;venue
q_286,scholar,4,6,10,2,0.500,0.333,0,0,3,1,8,3.3,keyphrase;venue
q_287,scholar,2,6,10,2,1.000,0.333,1,1,0,0,3,3.4,
q_288,scholar,4,6,10,2,0.500,0.333,0,0,2,0,8,3.6,author;writes
q_289,scholar,4,6,10,2,0.500,0.333,0,0,2,0,8,3.3,author;writes
q_290,scholar,4,6,10,4,1.000,0.667,1,0,2,2,6,3.7,
q_291,scholar,4,6,10,2,0.500,0.333,0,0,2,0,8,3.4,author;writes
q_292,scholar,3,6,10,2,0.667,0.333,0,0,1,0,8,3.1,venue
q_293,scholar,3,6,10,2,0.667,0.333,0,0,1,0,8,3.0,venue
q_294,scholar,3,6,10,2,0.667,0.333,0,0,2,1,7,3.8,keyphrase
q_295,scholar,4,6,10,3,0.750,0.500,0,0,3,2,8,3.1,venue
q_296,scholar,4,6,10,4,1.000,0.667,1,0,2,2,6,3.4,
q_297,scholar,4,0,10,0,0.000,0.000,0,0,4,0,,0.2,dataset;keyphrase;paperdataset;paperkeyphrase
q_298,scholar,4,6,10,4,1.000,0.667,1,0,2,2,6,3.5,
q_299,scholar,4,6,10,4,1.000,0.667,1,0,2,2,6,3.4,
q_300,scholar,4,6,10,4,1.000,0.667,1,0,2,2,6,3.4,
q_301,scholar,4,6,10,3,0.750,0.500,0,0,2,1,8,3.3,keyphrase
q_302,scholar,4,6,10,3,0.750,0.500,0,0,2,1,8,3.4,keyphrase
q_303,scholar,4,6,10,4,1.000,0.667,1,0,2,2,6,3.7,
q_304,scholar,4,6,10,3,0.750,0.500,0,0,2,1,8,3.4,keyphrase
q_305,scholar,4,6,10,4,1.000,0.667,1,0,2,2,6,3.2,
q_306,scholar,4,6,10,4,1.000,0.667,1,0,2,2,6,3.3,
q_307,scholar,4,6,10,4,1.000,0.667,1,0,2,2,6,3.4,
q_308,scholar,4,6,10,4,1.000,0.667,1,0,2,2,6,35.3,
q_309,scholar,5,6,10,3,0.600,0.500,0,0,3,1,10,2.9,dataset;keyphrase
q_310,scholar,5,6,10,3,0.600,0.500,0,0,3,1,10,3.2,dataset;keyphrase
q_311,scholar,6,6,10,4,0.667,0.667,0,0,5,3,8,2.8,keyphrase;venue
q_312,scholar,4,6,10,3,0.750,0.500,0,0,3,2,7,2.7,keyphrase
q_313,scholar,4,6,10,3,0.750,0.500,0,0,3,2,7,3.6,keyphrase
q_314,scholar,4,0,10,0,0.000,0.000,0,0,4,0,,0.2,keyphrase;paper;paperkeyphrase;writes
q_315,scholar,5,6,10,4,0.800,0.667,0,0,4,3,7,3.2,keyphrase
q_316,scholar,4,6,10,4,1.000,0.667,1,0,1,1,5,3.6,
q_317,scholar,5,6,10,4,0.800,0.667,0,0,3,2,8,3.8,keyphrase
q_318,scholar,4,6,10,3,0.750,0.500,0,0,2,1,7,3.9,keyphrase
q_319,scholar,4,6,10,3,0.750,0.500,0,0,2,1,7,2.9,keyphrase
q_320,scholar,4,6,10,3,0.750,0.500,0,0,2,1,7,2.9,keyphrase
q_321,scholar,4,6,10,3,0.750,0.500,0,0,2,1,7,3.1,keyphrase
q_322,scholar,4,6,10,3,0.750,0.500,0,0,2,1,7,3.1,keyphrase
q_323,scholar,4,6,10,3,0.750,0.500,0,0,2,1,7,3.0,keyphrase
q_324,scholar,4,6,10,3,0.750,0.500,0,0,2,1,7,3.0,keyphrase
q_325,scholar,4,6,10,3,0.750,0.500,0,0,2,1,7,3.5,keyphrase
q_326,scholar,4,6,10,3,0.750,0.500,0,0,2,1,7,3.1,keyphrase
q_327,scholar,4,6,10,3,0.750,0.500,0,0,2,1,7,3.5,keyphrase
q_328,scholar,4,6,10,3,0.750,0.500,0,0,2,1,7,3.3,keyphrase
q_329,scholar,4,6,10,3,0.750,0.500,0,0,2,1,7,3.4,keyphrase
q_330,scholar,4,6,10,4,1.000,0.667,1,0,1,1,6,3.6,
q_331,scholar,4,6,10,4,1.000,0.667,1,0,1,1,6,3.4,
q_332,scholar,4,6,10,4,1.000,0.667,1,0,1,1,6,3.4,
q_333,scholar,4,6,10,4,1.000,0.667,1,0,1,1,6,3.8,
q_334,scholar,4,6,10,4,1.000,0.667,1,0,2,2,6,3.1,
q_335,scholar,4,6,10,4,1.000,0.667,1,0,1,1,6,3.4,
q_336,scholar,4,6,10,4,1.000,0.667,1,0,1,1,6,3.4,
q_337,scholar,3,6,10,2,0.667,0.333,0,0,2,1,8,3.4,venue
q_338,scholar,3,6,10,2,0.667,0.333,0,0,2,1,8,3.0,venue
q_339,scholar,3,6,10,2,0.667,0.333,0,0,2,1,8,3.0,venue
q_340,scholar,3,6,10,3,1.000,0.500,1,0,1,1,4,3.1,
q_341,scholar,3,6,10,2,0.667,0.333,0,0,2,1,8,3.1,venue
q_342,scholar,3,6,10,2,0.667,0.333,0,0,2,1,8,3.2,venue
q_343,scholar,4,6,10,3,0.750,0.500,0,0,3,2,8,3.1,venue
q_344,scholar,4,6,10,2,0.500,0.333,0,0,3,1,9,3.3,author;venue
q_345,scholar,4,6,10,3,0.750,0.500,0,0,3,2,8,3.1,venue
q_346,scholar,4,6,10,3,0.750,0.500,0,0,3,2,8,3.0,venue
q_347,scholar,4,0,10,0,0.000,0.000,0,0,4,0,,0.2,author;paper;venue;writes
q_348,scholar,4,0,10,0,0.000,0.000,0,0,4,0,,0.2,author;paper;venue;writes
q_349,scholar,4,6,10,3,0.750,0.500,0,0,3,2,8,3.2,venue
q_350,scholar,4,6,10,3,0.750,0.500,0,0,3,2,8,3.0,venue
q_351,scholar,4,6,10,3,0.750,0.500,0,0,2,1,7,3.2,keyphrase
q_352,scholar,4,6,10,3,0.750,0.500,0,0,2,1,9,3.7,keyphrase
q_353,scholar,4,0,10,0,0.000,0.000,0,0,4,0,,0.2,keyphrase;paper;paperkeyphrase;venue
q_354,scholar,4,0,10,0,0.000,0.000,0,0,4,0,,0.2,keyphrase;paper;paperkeyphrase;venue
q_355,scholar,4,0,10,0,0.000,0.000,0,0,4,0,,0.2,keyphrase;paper;paperkeyphrase;venue
q_356,scholar,4,0,10,0,0.000,0.000,0,0,4,0,,0.2,keyphrase;paper;paperkeyphrase;venue
q_357,scholar,4,0,10,0,0.000,0.000,0,0,4,0,,0.2,keyphrase;paper;paperkeyphrase;venue
q_358,scholar,4,0,10,0,0.000,0.000,0,0,4,0,,0.2,keyphrase;paper;paperkeyphrase;venue
q_359,scholar,4,0,10,0,0.000,0.000,0,0,4,0,,0.2,keyphrase;paper;paperkeyphrase;venue
q_360,scholar,4,6,10,2,0.500,0.333,0,0,3,1,8,3.0,keyphrase;venue
q_361,scholar,4,6,10,4,1.000,0.667,1,0,2,2,5,3.3,
q_362,scholar,4,6,10,4,1.000,0.667,1,0,2,2,5,3.4,
q_363,scholar,5,6,10,4,0.800,0.667,0,0,3,2,7,3.6,keyphrase
q_364,scholar,5,6,10,4,0.800,0.667,0,0,4,3,7,3.3,keyphrase
q_365,scholar,5,6,10,4,0.800,0.667,0,0,4,3,7,3.1,keyphrase
q_366,scholar,5,6,10,4,0.800,0.667,0,0,4,3,7,3.2,keyphrase
q_367,scholar,3,6,10,3,1.000,0.500,1,0,1,1,4,3.1,
q_368,scholar,3,6,10,3,1.000,0.500,1,0,1,1,4,3.1,
q_369,scholar,4,6,10,3,0.750,0.500,0,0,3,2,7,3.5,keyphrase
q_370,scholar,4,0,10,0,0.000,0.000,0,0,4,0,,0.2,author;keyphrase;paperkeyphrase;writes
q_371,scholar,4,6,10,2,0.500,0.333,0,0,2,0,8,3.2,keyphrase;paperkeyphrase
q_372,scholar,4,0,10,0,0.000,0.000,0,0,4,0,,0.2,author;keyphrase;paperkeyphrase;writes
q_373,scholar,4,0,10,0,0.000,0.000,0,0,4,0,,0.2,author;keyphrase;paperkeyphrase;writes
q_374,scholar,4,6,10,3,0.750,0.500,0,0,4,3,7,3.1,keyphrase
q_375,scholar,3,6,10,3,1.000,0.500,1,0,1,1,6,3.5,
q_376,scholar,3,6,10,3,1.000,0.500,1,0,1,1,6,3.1,
q_377,scholar,2,6,10,2,1.000,0.333,1,0,2,2,6,3.2,
q_378,scholar,5,6,10,3,0.600,0.500,0,0,3,1,8,3.3,keyphrase;paperkeyphrase
q_379,scholar,5,0,10,0,0.000,0.000,0,0,5,0,,0.2,author;keyphrase;paper;paperkeyphrase;writes
q_380,scholar,3,6,10,3,1.000,0.500,1,0,1,1,6,3.4,
q_381,scholar,6,6,10,3,0.500,0.500,0,0,4,1,10,3.4,dataset;keyphrase;venue
q_382,scholar,6,6,10,3,0.500,0.500,0,0,4,1,10,3.2,dataset;keyphrase;venue
q_383,scholar,6,6,10,3,0.500,0.500,0,0,4,1,10,3.2,dataset;keyphrase;venue
q_384,scholar,6,6,10,3,0.500,0.500,0,0,4,1,10,3.2,dataset;keyphrase;venue
q_385,scholar,6,6,10,3,0.500,0.500,0,0,4,1,10,3.3,dataset;keyphrase;venue
q_386,scholar,4,6,10,3,0.750,0.500,0,0,1,0,8,3.4,keyphrase
q_387,scholar,4,6,10,3,0.750,0.500,0,0,3,2,8,3.1,venue
q_388,scholar,4,6,10,3,0.750,0.500,0,0,3,2,8,3.0,venue
q_389,scholar,4,6,10,3,0.750,0.500,0,0,3,2,8,3.1,venue
q_390,scholar,4,6,10,2,0.500,0.333,0,0,3,1,10,3.7,dataset;keyphrase
q_391,scholar,3,6,10,2,0.667,0.333,0,0,2,1,8,3.1,venue
q_392,scholar,3,6,10,2,0.667,0.333,0,0,2,1,8,3.2,venue
q_393,scholar,3,6,10,3,1.000,0.500,1,0,1,1,4,3.2,
q_394,scholar,3,0,10,0,0.000,0.000,0,0,3,0,,0.1,paper;venue;writes
q_395,scholar,3,6,10,3,1.000,0.500,1,0,2,2,6,3.6,
q_396,scholar,3,6,10,3,1.000,0.500,1,0,2,2,6,3.6,
q_397,scholar,4,0,10,0,0.000,0.000,0,0,4,0,,0.2,cite;keyphrase;paper;paperkeyphrase
q_398,scholar,5,6,10,5,1.000,0.833,1,0,2,2,5,3.5,
q_399,scholar,5,0,10,0,0.000,0.000,0,0,5,0,,0.3,author;keyphrase;paper;paperkeyphrase;writes
q_400,scholar,5,0,10,0,0.000,0.000,0,0,5,0,,0.2,author;keyphrase;paper;paperkeyphrase;writes
q_401,scholar,5,6,10,4,0.800,0.667,0,0,4,3,7,3.3,keyphrase
q_402,scholar,5,6,10,4,0.800,0.667,0,0,4,3,7,3.2,keyphrase
q_403,scholar,3,6,10,2,0.667,0.333,0,0,1,0,8,3.5,venue
q_404,scholar,4,6,10,3,0.750,0.500,0,0,3,2,7,3.9,author
q_405,scholar,4,6,10,2,0.500,0.333,0,0,3,1,10,3.4,dataset;paperdataset
q_406,scholar,6,6,10,4,0.667,0.667,0,0,5,3,8,3.1,keyphrase;venue
q_407,scholar,5,6,10,4,0.800,0.667,0,0,4,3,8,3.4,venue
q_408,scholar,4,0,10,0,0.000,0.000,0,0,4,0,,0.3,keyphrase;paper;paperkeyphrase;writes
q_409,scholar,4,6,10,3,0.750,0.500,0,0,2,1,9,3.4,venue
q_410,scholar,4,6,10,2,0.500,0.333,0,0,2,0,10,3.1,dataset;venue
q_411,scholar,4,6,10,2,0.500,0.333,0,0,2,0,10,3.0,dataset;venue
q_412,scholar,5,6,10,3,0.600,0.500,0,0,3,1,8,3.5,keyphrase;venue
q_413,scholar,4,6,10,2,0.500,0.333,0,0,3,1,10,3.3,dataset;paperdataset
q_414,scholar,3,6,10,2,0.667,0.333,0,0,1,0,8,3.1,venue
q_415,scholar,4,6,10,3,0.750,0.500,0,0,2,1,8,3.1,venue
q_416,scholar,3,6,10,3,1.000,0.500,1,0,2,2,6,3.3,
q_417,scholar,3,6,10,2,0.667,0.333,0,0,1,0,7,4.0,venue
q_418,scholar,6,6,10,3,0.500,0.500,0,0,4,1,10,3.4,keyphrase;venue;writes
q_419,scholar,4,6,10,3,0.750,0.500,0,0,2,1,9,3.5,venue
q_420,scholar,4,6,10,2,0.500,0.333,0,0,2,0,8,3.3,keyphrase;paperkeyphrase
q_421,scholar,4,6,10,3,0.750,0.500,0,0,3,2,8,3.7,venue
q_422,scholar,3,6,10,2,0.667,0.333,0,0,2,1,7,3.4,author
q_423,scholar,3,6,10,2,0.667,0.333,0,0,2,1,7,3.7,keyphrase
q_424,scholar,3,6,10,2,0.667,0.333,0,0,1,0,8,3.5,venue
q_425,scholar,5,6,10,3,0.600,0.500,0,0,3,1,10,3.4,keyphrase;writes
q_426,yelp,4,6,7,4,1.000,0.667,1,0,1,1,6,6.3,
q_427,yelp,3,6,7,3,1.000,0.500,1,0,1,1,6,5.6,
q_428,yelp,3,6,7,3,1.000,0.500,1,0,1,1,3,5.2,
q_429,yelp,3,6,7,3,1.000,0.500,1,0,1,1,3,5.1,
q_430,yelp,4,6,7,4,1.000,0.667,1,0,2,2,5,5.1,
q_431,yelp,4,0,7,0,0.000,0.000,0,0,4,0,,0.3,business;category;review;user
q_432,yelp,4,6,7,4,1.000,0.667,1,0,2,2,5,5.1,
q_433,yelp,4,0,7,0,0.000,0.000,0,0,4,0,,0.2,business;category;review;user
q_434,yelp,4,0,7,0,0.000,0.000,0,0,4,0,,0.2,business;category;review;user
q_435,yelp,2,0,7,0,0.000,0.000,0,0,2,0,,0.2,business;category
q_436,yelp,2,0,7,0,0.000,0.000,0,0,2,0,,0.2,business;category
q_437,yelp,2,0,7,0,0.000,0.000,0,0,2,0,,0.3,business;category
q_438,yelp,3,6,7,3,1.000,0.500,1,0,1,1,3,5.7,
q_439,yelp,4,6,7,4,1.000,0.667,1,0,1,1,5,5.3,
q_440,yelp,3,6,7,3,1.000,0.500,1,0,1,1,5,5.5,
q_441,yelp,3,6,7,3,1.000,0.500,1,0,1,1,5,5.6,
q_442,yelp,3,2,7,2,0.667,1.000,0,0,1,0,5,4.9,category
q_443,yelp,3,6,7,3,1.000,0.500,1,0,1,1,5,5.5,
q_444,yelp,4,0,7,0,0.000,0.000,0,0,4,0,,0.4,business;category;review;user
q_445,yelp,3,0,7,0,0.000,0.000,0,0,3,0,,0.3,business;category;neighbourhood
q_446,yelp,3,2,7,2,0.667,1.000,0,0,1,0,5,5.0,category
q_447,yelp,4,6,7,4,1.000,0.667,1,0,2,2,5,5.2,
q_448,yelp,4,0,7,0,0.000,0.000,0,0,4,0,,0.3,business;category;review;user
q_449,yelp,2,0,7,0,0.000,0.000,0,0,2,0,,0.3,business;category
q_450,yelp,2,6,7,2,1.000,0.333,1,0,1,1,6,4.6,
q_451,yelp,2,0,7,0,0.000,0.000,0,0,2,0,,0.4,business;category
q_452,yelp,3,6,7,3,1.000,0.500,1,0,1,1,3,5.1,
q_453,yelp,2,0,7,0,0.000,0.000,0,0,2,0,,0.2,business;category
q_454,academic,6,6,15,3,0.500,0.500,0,0,4,1,15,6.1,author;organization;writes
q_455,academic,5,6,15,3,0.600,0.500,0,0,3,1,14,4.8,author;writes
q_456,academic,5,6,15,3,0.600,0.500,0,0,3,1,8,4.7,publication;writes
q_457,academic,5,6,15,2,0.400,0.333,0,0,3,0,15,4.9,author;organization;writes
q_458,academic,5,0,15,0,0.000,0.000,0,0,5,0,,0.3,author;journal;organization;publication;writes
q_459,academic,5,0,15,0,0.000,0.000,0,0,5,0,,0.3,author;journal;organization;publication;writes
q_460,academic,4,3,15,2,0.500,0.667,0,0,3,1,11,5.0,author;writes
q_461,academic,4,6,15,2,0.500,0.333,0,0,2,0,11,5.0,author;writes
q_462,academic,5,6,15,3,0.600,0.500,0,0,3,1,14,8.5,author;writes
q_463,academic,6,6,15,3,0.500,0.500,0,0,4,1,15,9.0,author;organization;writes
q_464,academic,5,6,15,3,0.600,0.500,0,0,3,1,14,9.3,author;writes
q_465,academic,4,6,15,3,0.750,0.500,0,0,2,1,8,5.3,journal
q_466,academic,4,6,15,4,1.000,0.667,1,0,1,1,6,5.2,
q_467,academic,5,6,15,4,0.800,0.667,0,0,2,1,8,5.5,writes
q_468,academic,6,3,15,1,0.167,0.333,0,0,5,0,15,5.2,author;domain;domain_author;domain_publication;organization
q_469,academic,5,6,15,2,0.400,0.333,0,0,3,0,15,5.0,author;organization;writes
q_470,academic,5,3,15,2,0.400,0.667,0,0,4,1,15,5.1,author;organization;writes
q_471,academic,5,3,15,2,0.400,0.667,0,0,4,1,15,4.4,author;organization;writes
q_472,academic,4,3,15,0,0.000,0.000,0,0,4,0,15,4.4,author;domain;domain_author;organization
q_473,academic,3,6,15,3,1.000,0.500,1,0,2,2,5,4.9,
q_474,academic,3,0,15,0,0.000,0.000,0,0,3,0,,0.3,author;publication;writes
q_475,academic,3,0,15,0,0.000,0.000,0,0,3,0,,0.3,author;publication;writes
q_476,academic,4,0,15,0,0.000,0.000,0,0,4,0,,0.3,author;journal;publication;writes
q_477,academic,4,0,15,0,0.000,0.000,0,0,4,0,,0.3,author;journal;publication;writes
q_478,academic,3,0,15,0,0.000,0.000,0,0,3,0,,0.3,author;publication;writes
q_479,academic,4,6,15,4,1.000,0.667,1,0,2,2,6,4.9,
q_480,academic,3,3,15,1,0.333,0.333,0,0,2,0,11,5.2,author;writes
q_481,academic,3,3,15,1,0.333,0.333,0,0,2,0,11,5.1,author;writes
q_482,academic,3,3,15,1,0.333,0.333,0,0,2,0,11,5.2,author;writes
q_483,academic,4,6,15,4,1.000,0.667,1,0,1,1,5,5.4,
q_484,academic,3,3,15,1,0.333,0.333,0,0,2,0,11,5.3,author;writes
q_485,academic,5,6,15,4,0.800,0.667,0,0,2,1,8,5.1,writes
q_486,academic,4,6,15,4,1.000,0.667,1,0,1,1,6,5.4,
q_487,academic,4,6,15,4,1.000,0.667,1,0,1,1,6,5.5,
q_488,academic,4,6,15,4,1.000,0.667,1,0,1,1,6,5.3,
q_489,academic,4,6,15,4,1.000,0.667,1,0,1,1,6,5.2,
q_490,academic,4,6,15,4,1.000,0.667,1,0,1,1,6,5.1,
q_491,academic,4,6,15,3,0.750,0.500,0,0,2,1,8,5.1,journal
q_492,academic,5,6,15,3,0.600,0.500,0,0,3,1,14,5.1,author;writes
q_493,academic,4,6,15,3,0.750,0.500,0,0,2,1,15,5.3,organization
q_494,academic,6,6,15,5,0.833,0.833,0,0,4,3,15,5.4,organization
q_495,academic,3,1,15,1,0.333,1.000,0,0,2,0,11,5.2,author;writes
q_496,academic,4,6,15,2,0.500,0.333,0,0,2,0,12,4.9,author;writes
q_497,academic,4,6,15,2,0.500,0.333,0,0,2,0,11,5.2,author;writes
q_498,academic,4,6,15,2,0.500,0.333,0,0,2,0,11,5.0,author;writes
q_499,academic,5,6,15,3,0.600,0.500,0,0,3,1,8,4.8,publication;writes
q_500,academic,4,6,15,4,1.000,0.667,1,0,2,2,6,4.7,
q_501,academic,4,6,15,4,1.000,0.667,1,0,2,2,6,5.1,
q_502,academic,4,6,15,4,1.000,0.667,1,0,2,2,6,4.8,
q_503,academic,4,6,15,3,0.750,0.500,0,0,2,1,11,5.0,journal
q_504,academic,5,6,15,3,0.600,0.500,0,0,3,1,14,4.9,author;writes
q_505,academic,4,6,15,3,0.750,0.500,0,0,1,0,7,5.0,writes
q_506,academic,4,6,15,3,0.750,0.500,0,0,2,1,15,5.1,organization
q_507,academic,6,6,15,5,0.833,0.833,0,0,3,2,15,5.2,organization
q_508,imdb,5,6,16,5,1.000,0.833,1,0,2,2,6,7.5,
q_509,imdb,5,6,16,3,0.600,0.500,0,0,2,0,13,5.6,actor;cast
q_510,imdb,5,6,16,3,0.600,0.500,0,0,2,0,13,5.9,actor;cast
q_511,imdb,5,6,16,3,0.600,0.500,0,0,2,0,13,6.2,actor;cast
q_512,imdb,5,6,16,3,0.600,0.500,0,0,2,0,13,6.2,actor;cast
q_513,imdb,5,2,16,1,0.200,0.500,0,0,4,0,11,6.9,directed_by;director;made_by;producer
q_514,imdb,5,5,16,3,0.600,0.600,0,0,4,2,10,6.9,directed_by;director
q_515,imdb,5,6,16,3,0.600,0.500,0,0,2,0,10,7.5,directed_by;director
q_516,imdb,5,6,16,4,0.800,0.667,0,0,3,2,10,6.8,movie
